{
    "format_version": "1.8.0",
    "minecraft:client_entity": {
        "description": {
            "identifier": "ar:ar",
            "textures": {
                "default": "textures/entity/ar"
            },
            "materials": {
                "default": "entity_alphatest"
            },
            "geometry": {
                "default": "geometry.absoluteraidance"
            },
            "render_controllers": [
                "controller.render.default"
            ],
            "spawn_egg": {
                "texture": "absoluteraidance",
                "texture_index": 0
            }
        }
    }
}