{
    "format_version": "1.21.60",
    "minecraft:entity": {
        "description": {
            "identifier": "ar:ar",
            "is_experimental": false,
            "is_spawnable": true,
            "is_summonable": true
        },
        "components": {
            "minecraft:health": {
                "value": 1000
            },
            "minecraft:attack": {
                "damage": 10
            },
            "minecraft:movement.basic": {
                "max_turn": 0
            },
            "minecraft:flying_speed": {
                "value": 0.0
            },
            "minecraft:movement": {
                "value": 0
            },
            "minecraft:navigation.generic": {},
            "minecraft:behavior.melee_attack": {
                "melee_fov": 90,
                "track_target": false,
                "attack_types": "player",
                "random_stop_interval": 0,
                "reach_multiplier": 2,
                "attack_once": false,
                "require_complete_path": false,
                "cooldown_time": 0
            },
            "minecraft:experience_reward": {
                "on_death": 10000000
            },
            "minecraft:physics": {
                "has_collision": true,
                "has_gravity": true
            },
            "minecraft:behavior.nearest_attackable_target": {
                "attack_interval": 0,
                "attack_interval_min": 0,
                "attack_owner": false,
                "must_reach": false,
                "must_see": false,
                "must_see_forget_duration": 3,
                "persist_time": 0,
                "reselect_targets": false,
                "scan_interval": 10,
                "set_persistent": false,
                "target_invisible_multiplier": 0.7,
                "target_search_height": -1,
                "target_sneak_visibility_multiplier": 0.8,
                "within_radius": 0
            },
            "minecraft:teleport": {
                "dark_teleport_chance": 0,
                "light_teleport_chance": 0.01,
                "max_random_teleport_time": 4,
                "min_random_teleport_time": 4,
                "random_teleport_cube": [32, 32, 32],
                "random_teleports": true,
                "target_distance": 40,
                "target_teleport_chance": 0.004
            }
        }
    }
}