{
	"format_version": "1.12.0",
	"minecraft:geometry": [
		{
			"description": {
				"identifier": "geometry.absoluteraidance",
				"texture_width": 64,
				"texture_height": 64,
				"visible_bounds_width": 4,
				"visible_bounds_height": 4.5,
				"visible_bounds_offset": [0, 1.75, 0]
			},
			"bones": [
				{
					"name": "bb_main",
					"pivot": [0, 0, 0],
					"cubes": [
						{"origin": [-1, 0, -1], "size": [2, 7, 0], "uv": [24, 27]},
						{"origin": [-3, 6, -1], "size": [2, 8, 0], "uv": [0, 28]},
						{"origin": [-15, 17, -1], "size": [8, 2, 0], "uv": [24, 23]},
						{"origin": [7, 17, -1], "size": [8, 2, 0], "uv": [24, 25]},
						{"origin": [-18, 20, -1], "size": [11, 2, 0], "uv": [24, 19]},
						{"origin": [7, 20, -1], "size": [11, 2, 0], "uv": [24, 21]},
						{"origin": [-21, 23, -1], "size": [14, 2, 0], "uv": [24, 15]},
						{"origin": [7, 23, -1], "size": [14, 2, 0], "uv": [24, 17]},
						{"origin": [1, 6, -1], "size": [2, 8, 0], "uv": [28, 0]},
						{"origin": [-7, 14, -1], "size": [14, 15, 0], "uv": [0, 0]},
						{"origin": [-6, 29, -1], "size": [12, 13, 0], "uv": [0, 15]}
					]
				}
			]
		}
	]
}